Название	Цена	Ссылка
Sudadera capucha estrella	29.99 €	https://www.stradivarius.com
Sudadera capucha estrella	29.99 €	https://www.stradivarius.com
Sudadera cremallera tacto suave	22.99 €	https://www.stradivarius.com
Sudadera cremallera tacto suave	22.99 €	https://www.stradivarius.com
Sudadera bordada	25.99 €	https://www.stradivarius.com
Sudadera bordada	25.99 €	https://www.stradivarius.com
Sudadera manga combinada abullonada	25.99 €	https://www.stradivarius.com
Sudadera manga combinada abullonada	25.99 €	https://www.stradivarius.com
Sudadera tacto suave	22.99 €	https://www.stradivarius.com
Sudadera tacto suave	22.99 €	https://www.stradivarius.com
Sudadera capucha bordada	29.99 €	https://www.stradivarius.com
Sudadera capucha bordada	29.99 €	https://www.stradivarius.com
Sudadera cremallera tacto suave	25.99 €	https://www.stradivarius.com
Sudadera cremallera tacto suave	25.99 €	https://www.stradivarius.com
Sudadera cremallera lateral tacto suave	25.99 €	https://www.stradivarius.com
Sudadera cremallera lateral tacto suave	25.99 €	https://www.stradivarius.com
Sudadera tachas	25.99 €	https://www.stradivarius.com
Sudadera tachas	25.99 €	https://www.stradivarius.com
Jersey capucha rayas	25.99 €	https://www.stradivarius.com
Jersey capucha rayas	25.99 €	https://www.stradivarius.com
Sudadera bordada cuello polo	25.99 €	https://www.stradivarius.com
Sudadera bordada cuello polo	25.99 €	https://www.stradivarius.com
Sudadera tacto suave	22.99 €	https://www.stradivarius.com
Sudadera tacto suave	22.99 €	https://www.stradivarius.com
Sudadera cremallera tacto suave	22.99 €	https://www.stradivarius.com
Sudadera cremallera tacto suave	22.99 €	https://www.stradivarius.com
Sudadera posicional hombro descubierto	22.99 €	https://www.stradivarius.com
Sudadera posicional hombro descubierto	22.99 €	https://www.stradivarius.com
Sudadera cuello subido cremallera	22.99 €	https://www.stradivarius.com
Sudadera cuello subido cremallera	22.99 €	https://www.stradivarius.com
Sudadera cuello subido cremallera	22.99 €	https://www.stradivarius.com
Sudadera cuello subido cremallera	22.99 €	https://www.stradivarius.com
Sudadera tacto suave	22.99 €	https://www.stradivarius.com
Sudadera tacto suave	22.99 €	https://www.stradivarius.com
Sudadera oversize capucha	29.99 €	https://www.stradivarius.com
Sudadera oversize capucha	29.99 €	https://www.stradivarius.com
Sudadera básica	17.99 €	https://www.stradivarius.com
Sudadera básica	17.99 €	https://www.stradivarius.com
Sudadera capucha estrella leopardo	29.99 €	https://www.stradivarius.com
Sudadera capucha estrella leopardo	29.99 €	https://www.stradivarius.com
Sudadera tacto suave	22.99 €	https://www.stradivarius.com
Sudadera tacto suave	22.99 €	https://www.stradivarius.com
Sudadera capucha estrella leopardo	29.99 €	https://www.stradivarius.com
Sudadera capucha estrella leopardo	29.99 €	https://www.stradivarius.com
Sudadera capucha estrella	29.99 €	https://www.stradivarius.com
Sudadera capucha estrella	29.99 €	https://www.stradivarius.com
Sudadera capucha estrella	29.99 €	https://www.stradivarius.com
Sudadera capucha estrella	29.99 €	https://www.stradivarius.com
Sudadera bordada perrito	22.99 €	https://www.stradivarius.com
Sudadera bordada perrito	22.99 €	https://www.stradivarius.com
Sudadera básica cuello asimétrico	19.99 €	https://www.stradivarius.com
Sudadera básica cuello asimétrico	19.99 €	https://www.stradivarius.com
Sudadera básica cuello asimétrico	19.99 €	https://www.stradivarius.com
Sudadera básica cuello asimétrico	19.99 €	https://www.stradivarius.com
Sudadera bordados	35.99 €	https://www.stradivarius.com
Sudadera bordados	35.99 €	https://www.stradivarius.com
Sudadera cremallera bordados	25.99 €	https://www.stradivarius.com
Sudadera cremallera bordados	25.99 €	https://www.stradivarius.com
Jersey capucha rayas	25.99 €	https://www.stradivarius.com
Jersey capucha rayas	25.99 €	https://www.stradivarius.com
Sudadera capucha estrella leopardo	29.99 €	https://www.stradivarius.com
Sudadera capucha estrella leopardo	29.99 €	https://www.stradivarius.com
Sudadera capucha cremallera	25.99 €	https://www.stradivarius.com
Sudadera capucha cremallera	25.99 €	https://www.stradivarius.com
Sudadera capucha cremallera	25.99 €	https://www.stradivarius.com
Sudadera capucha cremallera	25.99 €	https://www.stradivarius.com
Sudadera cuello subido efecto lavado	25.99 €	https://www.stradivarius.com
Sudadera cuello subido efecto lavado	25.99 €	https://www.stradivarius.com
Sudadera cuello subido efecto lavado	25.99 €	https://www.stradivarius.com
Sudadera cuello subido efecto lavado	25.99 €	https://www.stradivarius.com
Sudader cuello barco estampada	25.99 €	https://www.stradivarius.com
Sudader cuello barco estampada	25.99 €	https://www.stradivarius.com
Sudadera cuello subido cremallera	22.99 €	https://www.stradivarius.com
Sudadera cuello subido cremallera	22.99 €	https://www.stradivarius.com
Sudadera cuello subido cremallera	22.99 €	https://www.stradivarius.com
Sudadera cuello subido cremallera	22.99 €	https://www.stradivarius.com
Sudadera básica tacto suave	19.99 €	https://www.stradivarius.com
Sudadera básica tacto suave	19.99 €	https://www.stradivarius.com
Sudadera básica tacto suave	19.99 €	https://www.stradivarius.com
Sudadera básica tacto suave	19.99 €	https://www.stradivarius.com
Sudadera básica tacto suave	19.99 €	https://www.stradivarius.com
Sudadera básica tacto suave	19.99 €	https://www.stradivarius.com
Sudadera cremallera tacto suave	25.99 €	https://www.stradivarius.com
Sudadera cremallera tacto suave	25.99 €	https://www.stradivarius.com
Sudadera tacto suave	22.99 €	https://www.stradivarius.com
Sudadera tacto suave	22.99 €	https://www.stradivarius.com
Sudadera capucha estrella	29.99 €	https://www.stradivarius.com
Sudadera capucha estrella	29.99 €	https://www.stradivarius.com
Sudadera capucha brillos	29.99 €	https://www.stradivarius.com
Sudadera capucha brillos	29.99 €	https://www.stradivarius.com
Sudadera capucha brillos	29.99 €	https://www.stradivarius.com
Sudadera capucha brillos	29.99 €	https://www.stradivarius.com
Sudadera capucha bordado tachas	29.99 €	https://www.stradivarius.com
Sudadera capucha bordado tachas	29.99 €	https://www.stradivarius.com
Sudadera cremallera tacto suave	22.99 €	https://www.stradivarius.com
Sudadera cremallera tacto suave	22.99 €	https://www.stradivarius.com
Sudadera tacto suave acid wash	27.99 €	https://www.stradivarius.com
Sudadera tacto suave acid wash	27.99 €	https://www.stradivarius.com
Sudadera tacto suave rayas	29.99 €	https://www.stradivarius.com
Sudadera tacto suave rayas	29.99 €	https://www.stradivarius.com
Sudadera cremallera lateral tacto suave	25.99 €	https://www.stradivarius.com
Sudadera cremallera lateral tacto suave	25.99 €	https://www.stradivarius.com
Sudadera cremallera lateral tacto suave	25.99 €	https://www.stradivarius.com
Sudadera cremallera lateral tacto suave	25.99 €	https://www.stradivarius.com
Sudadera cremallera lateral tacto suave	25.99 €	https://www.stradivarius.com
Sudadera cremallera lateral tacto suave	25.99 €	https://www.stradivarius.com
Sudadera bomber capucha estampada	27.99 €	https://www.stradivarius.com
Sudadera bomber capucha estampada	27.99 €	https://www.stradivarius.com
Sudadera bomber capucha estampada	27.99 €	https://www.stradivarius.com
Sudadera bomber capucha estampada	27.99 €	https://www.stradivarius.com
Sudadera tacto suave manga murciélago	22.99 €	https://www.stradivarius.com
Sudadera tacto suave manga murciélago	22.99 €	https://www.stradivarius.com
Sudadera tacto suave manga murciélago	22.99 €	https://www.stradivarius.com
Sudadera tacto suave manga murciélago	22.99 €	https://www.stradivarius.com
Sudadera hombro descubierto tacto suave	22.99 €	https://www.stradivarius.com
Sudadera hombro descubierto tacto suave	22.99 €	https://www.stradivarius.com
Sudadera hombro descubierto tacto suave	22.99 €	https://www.stradivarius.com
Sudadera hombro descubierto tacto suave	22.99 €	https://www.stradivarius.com
Sudadera hombro descubierto tacto suave	22.99 €	https://www.stradivarius.com
Sudadera hombro descubierto tacto suave	22.99 €	https://www.stradivarius.com
Sudadera oversize estampado Smile	25.99 €	https://www.stradivarius.com
Sudadera oversize estampado Smile	25.99 €	https://www.stradivarius.com
Sudadera capucha estrella leopardo	29.99 €	https://www.stradivarius.com
Sudadera capucha estrella leopardo	29.99 €	https://www.stradivarius.com
Sudadera asimétrica estampada	22.99 €	https://www.stradivarius.com
Sudadera asimétrica estampada	22.99 €	https://www.stradivarius.com
Sudadera cuello polo bordado	25.99 €	https://www.stradivarius.com
Sudadera cuello polo bordado	25.99 €	https://www.stradivarius.com
Sudadera tacto suave	22.99 €	https://www.stradivarius.com
Sudadera tacto suave	22.99 €	https://www.stradivarius.com
Sudadera bandera bordada	22.99 €	https://www.stradivarius.com
Sudadera bandera bordada	22.99 €	https://www.stradivarius.com
Sudadera oversize estampada	25.99 €	https://www.stradivarius.com
Sudadera oversize estampada	25.99 €	https://www.stradivarius.com
Sudadera hombreras IT	29.99 €	https://www.stradivarius.com
Sudadera hombreras IT	29.99 €	https://www.stradivarius.com
Sudadera polo cropped estampada	22.99 €	https://www.stradivarius.com
Sudadera polo cropped estampada	22.99 €	https://www.stradivarius.com
Sudadera polo estampada	22.99 €	https://www.stradivarius.com
Sudadera polo estampada	22.99 €	https://www.stradivarius.com
Sudadera asimétrica estampada	25.99 €	https://www.stradivarius.com
Sudadera asimétrica estampada	25.99 €	https://www.stradivarius.com
Chaqueta ajustada cremallera	25.99 €	https://www.stradivarius.com
Chaqueta ajustada cremallera	25.99 €	https://www.stradivarius.com
Sudadera básica cuello asimétrico	22.99 €	https://www.stradivarius.com
Sudadera básica cuello asimétrico	22.99 €	https://www.stradivarius.com
Sudadera polar bordada	19.99 €	https://www.stradivarius.com
Sudadera polar bordada	19.99 €	https://www.stradivarius.com
Sudadera capucha efecto pelo	25.99 €	https://www.stradivarius.com
Sudadera capucha efecto pelo	25.99 €	https://www.stradivarius.com
Sudadera bordada	25.99 €	https://www.stradivarius.com
Sudadera bordada	25.99 €	https://www.stradivarius.com
Sudadera polo estampada rayas	29.99 €	https://www.stradivarius.com
Sudadera polo estampada rayas	29.99 €	https://www.stradivarius.com
Sudadera bordados	25.99 €	https://www.stradivarius.com
Sudadera bordados	25.99 €	https://www.stradivarius.com
Sudadera capucha gráfico	29.99 €	https://www.stradivarius.com
Sudadera capucha gráfico	29.99 €	https://www.stradivarius.com
Sudadera capucha gráfico	29.99 €	https://www.stradivarius.com
Sudadera capucha gráfico	29.99 €	https://www.stradivarius.com
Sudadera bordada perrito	22.99 €	https://www.stradivarius.com
Sudadera bordada perrito	22.99 €	https://www.stradivarius.com
Sudadera básica	17.99 €	https://www.stradivarius.com
Sudadera básica	17.99 €	https://www.stradivarius.com
Sudadera cremallera tacto suave	22.99 €	https://www.stradivarius.com
Sudadera cremallera tacto suave	22.99 €	https://www.stradivarius.com
Sudadera NYC hombros descubiertos	22.99 €	https://www.stradivarius.com
Sudadera NYC hombros descubiertos	22.99 €	https://www.stradivarius.com
Sudadera estampada hombros descubiertos	22.99 €	https://www.stradivarius.com
Sudadera estampada hombros descubiertos	22.99 €	https://www.stradivarius.com
Sudadera oversize estampado Smile	25.99 €	https://www.stradivarius.com
Sudadera oversize estampado Smile	25.99 €	https://www.stradivarius.com
Sudadera básica cuello asimétrico	22.99 €	https://www.stradivarius.com
Sudadera básica cuello asimétrico	22.99 €	https://www.stradivarius.com
Sudadera cuello barco estampada	19.99 €	https://www.stradivarius.com
Sudadera cuello barco estampada	19.99 €	https://www.stradivarius.com
Sudadera capucha estrellas	29.99 €	https://www.stradivarius.com
Sudadera capucha estrellas	29.99 €	https://www.stradivarius.com
Sudadera capucha estrella leopardo	29.99 €	https://www.stradivarius.com
Sudadera capucha estrella leopardo	29.99 €	https://www.stradivarius.com
Sudadera estampada cerezas	19.99 €	https://www.stradivarius.com
Sudadera estampada cerezas	19.99 €	https://www.stradivarius.com
Sudadera cuello barco estampada	19.99 €	https://www.stradivarius.com
Sudadera cuello barco estampada	19.99 €	https://www.stradivarius.com
Sudadera hombro descubierto tacto suave	22.99 €	https://www.stradivarius.com
Sudadera hombro descubierto tacto suave	22.99 €	https://www.stradivarius.com
Sudadera oversize capucha	29.99 €	https://www.stradivarius.com
Sudadera oversize capucha	29.99 €	https://www.stradivarius.com
Sudadera oversize capucha	29.99 €	https://www.stradivarius.com
Sudadera oversize capucha	29.99 €	https://www.stradivarius.com
Sudadera cuello denim	29.99 €	https://www.stradivarius.com
Sudadera cuello denim	29.99 €	https://www.stradivarius.com
Sudadera básica	17.99 €	https://www.stradivarius.com
Sudadera básica	17.99 €	https://www.stradivarius.com
Sudadera oversize capucha tacto suave	29.99 €	https://www.stradivarius.com
Sudadera oversize capucha tacto suave	29.99 €	https://www.stradivarius.com
Sudadera combinada rib tacto suave	29.99 €	https://www.stradivarius.com
Sudadera combinada rib tacto suave	29.99 €	https://www.stradivarius.com
Sudadera cremallera bordados	25.99 €	https://www.stradivarius.com
Sudadera cremallera bordados	25.99 €	https://www.stradivarius.com
Sudadera bordados	35.99 €	https://www.stradivarius.com
Sudadera bordados	35.99 €	https://www.stradivarius.com
Sudadera bordados	35.99 €	https://www.stradivarius.com
Sudadera bordados	35.99 €	https://www.stradivarius.com
Sudadera cremallera terciopelo	22.99 €	https://www.stradivarius.com
Sudadera cremallera terciopelo	22.99 €	https://www.stradivarius.com
Sudadera cremallera terciopelo	22.99 €	https://www.stradivarius.com
Sudadera cremallera terciopelo	22.99 €	https://www.stradivarius.com
Sudadera globo estudio	25.99 €	https://www.stradivarius.com
Sudadera globo estudio	25.99 €	https://www.stradivarius.com
Sudadera bordada London	22.99 €	https://www.stradivarius.com
Sudadera bordada London	22.99 €	https://www.stradivarius.com
Sudadera básica	17.99 €	https://www.stradivarius.com
Sudadera básica	17.99 €	https://www.stradivarius.com
Sudadera básica	17.99 €	https://www.stradivarius.com
Sudadera básica	17.99 €	https://www.stradivarius.com
Sudadera básica	17.99 €	https://www.stradivarius.com
Sudadera básica	17.99 €	https://www.stradivarius.com
Sudadera capucha bordada	29.99 €	https://www.stradivarius.com
Sudadera capucha bordada	29.99 €	https://www.stradivarius.com
Sudadera manga combinada abullonada	25.99 €	https://www.stradivarius.com
Sudadera manga combinada abullonada	25.99 €	https://www.stradivarius.com
Sudadera bordados pinzas mangas	25.99 €	https://www.stradivarius.com
Sudadera bordados pinzas mangas	25.99 €	https://www.stradivarius.com
Sudadera polo bimateria	29.99 €	https://www.stradivarius.com
Sudadera polo bimateria	29.99 €	https://www.stradivarius.com
Sudadera botones polo	25.99 €	https://www.stradivarius.com
Sudadera botones polo	25.99 €	https://www.stradivarius.com
Sudadera gráfico hombro descubierto	19.99 €	https://www.stradivarius.com
Sudadera gráfico hombro descubierto	19.99 €	https://www.stradivarius.com
Sudadera gráfico hombro descubierto	19.99 €	https://www.stradivarius.com
Sudadera gráfico hombro descubierto	19.99 €	https://www.stradivarius.com
Sudadera bordados	22.99 €	https://www.stradivarius.com
Sudadera bordados	22.99 €	https://www.stradivarius.com
Sudadera bordados	22.99 €	https://www.stradivarius.com
Sudadera bordados	22.99 €	https://www.stradivarius.com
Sudadera bordados	22.99 €	https://www.stradivarius.com
Sudadera bordados	22.99 €	https://www.stradivarius.com
Sudadera bordados	22.99 €	https://www.stradivarius.com
Sudadera bordados	22.99 €	https://www.stradivarius.com
Sudadera abullonada capucha	29.99 €	https://www.stradivarius.com
Sudadera abullonada capucha	29.99 €	https://www.stradivarius.com
Sudadera estampada efecto lavado	27.99 €	https://www.stradivarius.com
Sudadera estampada efecto lavado	27.99 €	https://www.stradivarius.com
Sudadera abullonada posicional	25.99 €	https://www.stradivarius.com
Sudadera abullonada posicional	25.99 €	https://www.stradivarius.com
Sudadera abullonada posicional	25.99 €	https://www.stradivarius.com
Sudadera abullonada posicional	25.99 €	https://www.stradivarius.com
Sudadera cuello subido efecto lavado	25.99 €	https://www.stradivarius.com
Sudadera cuello subido efecto lavado	25.99 €	https://www.stradivarius.com
Sudadera posicional hombro descubierto	22.99 €	https://www.stradivarius.com
Sudadera posicional hombro descubierto	22.99 €	https://www.stradivarius.com
Sudadera posicional hombro descubierto	22.99 €	https://www.stradivarius.com
Sudadera posicional hombro descubierto	22.99 €	https://www.stradivarius.com
Chaleco cremallera tacto suave	22.99 €	https://www.stradivarius.com
Chaleco cremallera tacto suave	22.99 €	https://www.stradivarius.com
Sudadera capucha abullonada tacto suave	29.99 €	https://www.stradivarius.com
Sudadera capucha abullonada tacto suave	29.99 €	https://www.stradivarius.com
Sudadera capucha abullonada tacto suave	29.99 €	https://www.stradivarius.com
Sudadera capucha abullonada tacto suave	29.99 €	https://www.stradivarius.com
Sudadera capucha abullonada tacto suave	29.99 €	https://www.stradivarius.com
Sudadera capucha abullonada tacto suave	29.99 €	https://www.stradivarius.com
Sudadera manga corta efecto lavado	19.99 €	https://www.stradivarius.com
Sudadera manga corta efecto lavado	19.99 €	https://www.stradivarius.com
Sudadera básica tacto suave	19.99 €	https://www.stradivarius.com
Sudadera básica tacto suave	19.99 €	https://www.stradivarius.com
Sudadera cremallera tacto suave	13.79 €	https://www.stradivarius.com
Sudadera cremallera tacto suave	13.79 €	https://www.stradivarius.com
Sudadera capucha tacto suave botones	29.99 €	https://www.stradivarius.com
Sudadera capucha tacto suave botones	29.99 €	https://www.stradivarius.com
Sudadera capucha tacto suave botones	29.99 €	https://www.stradivarius.com
Sudadera capucha tacto suave botones	29.99 €	https://www.stradivarius.com
Sudadera capucha cremallera	25.99 €	https://www.stradivarius.com
Sudadera capucha cremallera	25.99 €	https://www.stradivarius.com
Sudadera capucha cremallera	25.99 €	https://www.stradivarius.com
Sudadera capucha cremallera	25.99 €	https://www.stradivarius.com
Sudadera básica tacto suave	19.99 €	https://www.stradivarius.com/ic/sudadera-basica-tacto-suave-l06504411
Sudadera básica tacto suave	19.99 €	https://www.stradivarius.com
Sudadera manga corta efecto lavado	19.99 €	https://www.stradivarius.com/ic/sudadera-manga-corta-efecto-lavado-l08730639
Sudadera manga corta efecto lavado	19.99 €	https://www.stradivarius.com
Sudadera cremallera tacto suave	25.99 €	https://www.stradivarius.com/ic/sudadera-cremallera-tacto-suave-l08728276
Sudadera cremallera tacto suave	25.99 €	https://www.stradivarius.com